Access ID,Customer ID,Date/Time of Access,Page Accessed,Duration of Visit,Device Used
1,101,2024-02-26 08:15:00,Homepage,00:03:25,Desktop
2,102,2024-02-26 09:30:12,Product Page - Laptop,00:05:45,Mobile
3,103,2024-02-26 10:45:30,Product Page - Smartphone,00:04:20,Desktop
4,104,2024-02-26 11:20:55,Homepage,00:02:10,Tablet
5,105,2024-02-26 12:40:20,Product Page - Furniture Set,00:06:30,Desktop
6,106,2024-02-26 13:55:45,Product Page - Outdoor Grill,00:03:55,Mobile
7,107,2024-02-26 14:30:10,Homepage,00:02:45,Desktop
8,108,2024-02-26 15:10:25,Product Page - Running Shoes,00:04:40,Tablet
9,109,2024-02-26 16:25:40,Product Page - Board Games,00:07:20,Desktop
10,110,2024-02-26 17:50:00,Homepage,00:03:15,Mobile
11,111,2024-02-26 08:30:15,Product Page - Sofa,00:04:55,Desktop
12,112,2024-02-26 09:45:30,Homepage,00:02:30,Mobile
13,113,2024-02-26 11:00:45,Product Page - Backpacks,00:05:10,Tablet
14,114,2024-02-26 12:15:00,Homepage,00:03:20,Desktop
15,115,2024-02-26 13:30:15,Product Page - Wireless Earbuds,00:04:45,Mobile
16,116,2024-02-26 14:45:30,Product Page - HD Televisions,00:06:00,Desktop
17,117,2024-02-26 16:00:45,Homepage,00:03:30,Tablet
18,118,2024-02-26 17:15:00,Product Page - Gaming Consoles,00:05:20,Mobile
19,119,2024-02-26 08:30:15,Product Page - Yoga Mat,00:04:35,Desktop
20,120,2024-02-26 09:45:30,Homepage,00:02:50,Mobile
21,121,2024-02-26 11:00:45,Product Page - Patio Furniture Set,00:05:25,Tablet
22,122,2024-02-26 12:15:00,Homepage,00:03:40,Desktop
23,123,2024-02-26 13:30:15,Product Page - Video Games,00:04:50,Mobile
24,124,2024-02-26 14:45:30,Product Page - Wireless Keyboards,00:06:10,Desktop
25,125,2024-02-26 16:00:45,Homepage,00:03:25,Tablet
26,126,2024-02-26 17:15:00,Product Page - Smart Thermostats,00:05:30,Mobile
27,127,2024-02-26 08:30:15,Product Page - Vacuum Cleaner,00:04:40,Desktop
28,128,2024-02-26 09:45:30,Homepage,00:02:55,Mobile
29,129,2024-02-26 11:00:45,Product Page - Gaming Accessories,00:05:15,Tablet
30,130,2024-02-26 12:15:00,Homepage,00:03:50,Desktop
31,131,2024-02-26 13:30:15,Product Page - USB Flash Drives,00:04:55,Mobile
32,132,2024-02-26 14:45:30,Product Page - Home Security Cameras,00:06:20,Desktop
33,133,2024-02-26 16:00:45,Homepage,00:03:35,Tablet
34,134,2024-02-26 17:15:00,Product Page - Phone Cases,00:05:40,Mobile
35,135,2024-02-26 08:30:15,Product Page - Dining Table,00:04:45,Desktop
36,136,2024-02-26 09:45:30,Homepage,00:03:00,Mobile
37,137,2024-02-26 11:00:45,Product Page - VR Headsets,00:05:20,Tablet
38,138,2024-02-26 12:15:00,Homepage,00:04:05,Desktop
39,139,2024-02-26 13:30:15,Product Page - Power Banks,00:05:00,Mobile
40,140,2024-02-26 14:45:30,Product Page - Smart Bulbs,00:06:30,Desktop
41,141,2024-02-26 16:00:45,Homepage,00:03:40,Tablet
42,142,2024-02-26 17:15:00,Product Page - Computer Mice,00:05:50,Mobile
43,143,2024-02-26 08:30:15,Product Page - Bookshelf,00:04:50,Desktop
44,144,2024-02-26 09:45:30,Homepage,00:03:05,Mobile
45,145,2024-02-26 11:00:45,Product Page - Blender,00:05:10,Tablet
46,146,2024-02-26 12:15:00,Homepage,00:04:20,Desktop
47,147,2024-02-26 13:30:15,Product Page - Wireless Chargers,00:05:15,Mobile
48,148,2024-02-26 14:45:30,Product Page - Curved TVs,00:06:40,Desktop
49,149,2024-02-26 16:00:45,Homepage,00:03:45,Tablet
50,150,2024-02-26 17:15:00,Product Page - Car Mounts,00:05:30,Mobile
51,151,2024-02-26 08:30:15,Product Page - Science Fiction Books,00:04:55,Desktop
52,152,2024-02-26 09:45:30,Homepage,00:03:10,Mobile
53,153,2024-02-26 11:00:45,Product Page - Toaster,00:05:25,Tablet
54,154,2024-02-26 12:15:00,Homepage,00:04:30,Desktop
55,155,2024-02-26 13:30:15,Product Page - Smart Plugs,00:05:00,Mobile
56,156,2024-02-26 14:45:30,Product Page - LED TVs,00:06:20,Desktop
57,157,2024-02-26 16:00:45,Homepage,00:03:50,Tablet
58,158,2024-02-26 17:15:00,Product Page - Screen Protectors,00:05:45,Mobile
59,159,2024-02-26 08:30:15,Product Page - Patio Furniture Set,00:04:40,Desktop
60,160,2024-02-26 09:45:30,Homepage,00:03:05,Mobile
61,161,2024-02-26 11:00:45,Product Page - Video Games,00:05:15,Tablet
62,162,2024-02-26 12:15:00,Homepage,00:03:40,Desktop
63,163,2024-02-26 13:30:15,Product Page - Wireless Keyboards,00:05:30,Mobile
64,164,2024-02-26 14:45:30,Product Page - Home Security Cameras,00:06:10,Desktop
65,165,2024-02-26 16:00:45,Homepage,00:03:25,Tablet
66,166,2024-02-26 17:15:00,Product Page - Smart Thermostats,00:05:50,Mobile
67,167,2024-02-26 08:30:15,Product Page - Vacuum Cleaner,00:04:45,Desktop
68,168,2024-02-26 09:45:30,Homepage,00:03:00,Mobile
69,169,2024-02-26 11:00:45,Product Page - Gaming Accessories,00:05:20,Tablet
70,170,2024-02-26 12:15:00,Homepage,00:03:50,Desktop
71,171,2024-02-26 13:30:15,Product Page - USB Flash Drives,00:04:55,Mobile
72,172,2024-02-26 14:45:30,Product Page - Home Security Cameras,00:06:20,Desktop
73,173,2024-02-26 16:00:45,Homepage,00:03:35,Tablet
74,174,2024-02-26 17:15:00,Product Page - Phone Cases,00:05:40,Mobile
75,175,2024-02-26 08:30:15,Product Page - Dining Table,00:04:45,Desktop
76,176,2024-02-26 09:45:30,Homepage,00:03:00,Mobile
77,177,2024-02-26 11:00:45,Product Page - VR Headsets,00:05:20,Tablet
78,178,2024-02-26 12:15:00,Homepage,00:04:05,Desktop
79,179,2024-02-26 13:30:15,Product Page - Power Banks,00:05:00,Mobile
80,180,2024-02-26 14:45:30,Product Page - Smart Bulbs,00:06:30,Desktop
81,181,2024-02-26 16:00:45,Homepage,00:03:40,Tablet
82,182,2024-02-26 17:15:00,Product Page - Computer Mice,00:05:50,Mobile
83,183,2024-02-26 08:30:15,Product Page - Bookshelf,00:04:50,Desktop
84,184,2024-02-26 09:45:30,Homepage,00:03:05,Mobile
85,185,2024-02-26 11:00:45,Product Page - Blender,00:05:10,Tablet
86,186,2024-02-26 12:15:00,Homepage,00:04:20,Desktop
87,187,2024-02-26 13:30:15,Product Page - Wireless Chargers,00:05:15,Mobile
88,188,2024-02-26 14:45:30,Product Page - Curved TVs,00:06:40,Desktop
89,189,2024-02-26 16:00:45,Homepage,00:03:45,Tablet
90,190,2024-02-26 17:15:00,Product Page - Car Mounts,00:05:30,Mobile
91,191,2024-02-26 08:30:15,Product Page - Science Fiction Books,00:04:55,Desktop
92,192,2024-02-26 09:45:30,Homepage,00:03:10,Mobile
93,193,2024-02-26 11:00:45,Product Page - Toaster,00:05:25,Tablet
94,194,2024-02-26 12:15:00,Homepage,00:04:30,Desktop
95,195,2024-02-26 13:30:15,Product Page - Smart Plugs,00:05:00,Mobile
96,196,2024-02-26 14:45:30,Product Page - LED TVs,00:06:20,Desktop
97,197,2024-02-26 16:00:45,Homepage,00:03:50,Tablet
98,198,2024-02-26 17:15:00,Product Page - Screen Protectors,00:05:45,Mobile
99,199,2024-02-26 08:30:15,Product Page - Patio Furniture Set,00:04:40,Desktop
100,200,2024-02-26 09:45:30,Homepage,00:03:05,Mobile
