CustomerID,CustomerName,Email,PhoneNumber,Address,City,Country,PostalCode,DateJoined,LastPurchaseDate
1,John Doe,johndoe@example.com,123-456-7890,123 Main St,New York,USA,10001,1/1/2023,5/15/2023
2,Jane Smith,janesmith@example.com,456-789-0123,456 Elm St,Los Angeles,USA,90001,11/15/2022,4/20/2023
3,Michael Johnson,michaeljohnson@example.com,789-012-3456,789 Oak St,Chicago,USA,60601,2/20/2023,6/10/2023
4,Emily Brown,emilybrown@example.com,012-345-6789,101 Pine St,San Francisco,USA,94101,12/10/2022,5/5/2023
5,David Wilson,davidwilson@example.com,234-567-8901,202 Cedar St,Miami,USA,33101,1/30/2023,6/25/2023
6,Sarah Taylor,sarahtaylor@example.com,567-890-1234,303 Walnut St,Dallas,USA,75201,10/5/2022,3/15/2023
7,Christopher Martinez,christophermartinez@example.com,890-123-4567,404 Maple St,Houston,USA,77001,3/12/2023,7/20/2023
8,Amanda Anderson,amandaanderson@example.com,123-456-7890,505 Birch St,Atlanta,USA,30301,1/25/2023,6/1/2023
9,Daniel Thomas,danielthomas@example.com,456-789-0123,606 Oakwood Ave,Seattle,USA,98101,11/30/2022,4/10/2023
10,Laura Garcia,lauragarcia@example.com,789-012-3456,707 Pinecrest Dr,Philadelphia,USA,19101,2/15/2023,7/5/2023
11,Robert Hernandez,roberthernandez@example.com,012-345-6789,808 Sunset Blvd,Phoenix,USA,85001,3/1/2023,7/15/2023
12,Olivia Lopez,olivialopez@example.com,234-567-8901,909 Sunrise Ave,Detroit,USA,48201,4/10/2023,8/20/2023
13,William King,williamking@example.com,567-890-1234,1010 River Rd,Denver,USA,80201,5/20/2023,9/5/2023
14,Emma Young,emmawilson@example.com,890-123-4567,1111 Lakeview Dr,Minneapolis,USA,55401,6/5/2023,10/10/2023
15,Lucas Scott,lucasscott@example.com,123-456-7890,1212 Hillside Ave,Boston,USA,2101,7/15/2023,11/20/2023
16,Grace Walker,gracewalker@example.com,456-789-0123,1313 Meadow Ln,San Diego,USA,92101,8/1/2023,12/5/2023
17,Chloe Hill,chloehill@example.com,789-012-3456,1414 Valley Rd,Tampa,USA,33601,9/10/2023,1/10/2024
18,James Green,jamesgreen@example.com,012-345-6789,1515 Forest Ave,Portland,USA,97201,10/20/2023,2/15/2024
19,Natalie Perez,natalieperez@example.com,234-567-8901,1616 Ridge St,Orlando,USA,32801,11/5/2023,3/1/2024
20,Hailey Roberts,haileyroberts@example.com,567-890-1234,1717 Park Ave,Washington,USA,20001,12/15/2023,4/5/2024
21,Mason Nguyen,masonnguyen@example.com,890-123-4567,1818 Central St,Las Vegas,USA,89101,1/1/2024,5/10/2024
22,Ava Cox,avacox@example.com,123-456-7890,1919 Main St,Kansas City,USA,64101,2/10/2024,6/15/2024
23,Ethan Stewart,ethanstewart@example.com,456-789-0123,2020 Elmwood Dr,Charlotte,USA,28201,3/20/2024,7/20/2024
24,Mia Diaz,miadiaz@example.com,789-012-3456,2121 Maplewood Ave,Indianapolis,USA,46201,4/5/2024,8/10/2024
25,Logan Kim,logankim@example.com,012-345-6789,2222 Pinecrest Ave,Columbus,USA,43201,5/15/2024,9/20/2024
26,Isabella Sullivan,isabellasullivan@example.com,234-567-8901,2323 Sunset Blvd,San Antonio,USA,78201,6/1/2024,10/5/2024
27,Noah Collins,noahcollins@example.com,567-890-1234,2424 Lakeview Dr,Oklahoma City,USA,73101,7/10/2024,11/10/2024
28,Riley Ward,rileyward@example.com,890-123-4567,2525 River Rd,Memphis,USA,38101,8/20/2024,12/15/2024
29,Sophia Ortiz,sophiaortiz@example.com,123-456-7890,2626 Hillside Ave,Houston,USA,77001,9/5/2024,1/20/2025
30,Jacob Murray,jacobmurray@example.com,456-789-0123,2727 Meadow Ln,Atlanta,USA,30301,10/15/2024,2/5/2025
31,Amelia Mora,ameliamora@example.com,789-012-3456,2828 Valley Rd,Dallas,USA,75201,11/20/2024,3/10/2025
32,Logan Kim,logankim@example.com,012-345-6789,2929 Forest Ave,New York,USA,10001,12/5/2024,4/15/2025
33,Sophia Ortiz,sophiaortiz@example.com,234-567-8901,3030 Ridge St,Los Angeles,USA,90001,1/15/2025,5/20/2025
34,Jacob Murray,jacobmurray@example.com,567-890-1234,3131 Park Ave,Chicago,USA,60601,2/20/2025,6/5/2025
35,Amelia Mora,ameliamora@example.com,890-123-4567,3232 Central St,San Francisco,USA,94101,3/5/2025,7/10/2025
36,Ethan Stewart,ethanstewart@example.com,123-456-7890,3333 Main St,Miami,USA,33101,4/15/2025,8/15/2025
37,Mia Diaz,miadiaz@example.com,456-789-0123,3434 Elm St,Seattle,USA,98101,5/20/2025,9/20/2025
38,Logan Kim,logankim@example.com,789-012-3456,3535 Oakwood Ave,Philadelphia,USA,19101,6/5/2025,10/10/2025
39,Isabella Sullivan,isabellasullivan@example.com,012-345-6789,3636 Pinecrest Dr,Phoenix,USA,85001,7/10/2025,11/20/2025
40,Noah Collins,noahcollins@example.com,234-567-8901,3737 Sunset Blvd,Detroit,USA,48201,8/20/2025,12/25/2025
41,Riley Ward,rileyward@example.com,567-890-1234,3838 River Rd,Denver,USA,80201,9/5/2025,1/30/2026
42,Sophia Ortiz,sophiaortiz@example.com,890-123-4567,3939 Lakeview Dr,Minneapolis,USA,55401,10/15/2025,3/5/2026
43,Jacob Murray,jacobmurray@example.com,012-345-6789,4040 Hillside Ave,Boston,USA,2101,11/20/2025,4/10/2026
44,Amelia Mora,ameliamora@example.com,234-567-8901,4141 Meadow Ln,San Diego,USA,92101,12/5/2025,5/20/2026
45,Logan Kim,logankim@example.com,456-789-0123,4242 Valley Rd,Tampa,USA,33601,1/15/2026,6/25/2026
46,Ethan Stewart,ethanstewart@example.com,789-012-3456,4343 Forest Ave,Portland,USA,97201,2/20/2026,7/10/2026
47,Mia Diaz,miadiaz@example.com,012-345-6789,4444 Ridge St,Orlando,USA,32801,3/5/2026,8/15/2026
48,Isabella Sullivan,isabellasullivan@example.com,234-567-8901,4545 Park Ave,Washington,USA,20001,4/15/2026,9/20/2026
49,Noah Collins,noahcollins@example.com,567-890-1234,4646 Central St,Las Vegas,USA,89101,5/20/2026,10/25/2026
50,Riley Ward,rileyward@example.com,890-123-4567,4747 Main St,Kansas City,USA,64101,6/5/2026,11/30/2026
51,Sophia Ortiz,sophiaortiz@example.com,123-456-7890,4848 Elm St,Charlotte,USA,28201,7/10/2026,12/15/2026
52,Jacob Murray,jacobmurray@example.com,456-789-0123,4949 Maplewood Ave,Indianapolis,USA,46201,8/20/2026,1/30/2027
53,Amelia Mora,ameliamora@example.com,789-012-3456,5050 Pinecrest Ave,Columbus,USA,43201,9/5/2026,3/5/2027
54,Logan Kim,logankim@example.com,012-345-6789,5151 Sunset Blvd,San Antonio,USA,78201,10/15/2026,4/10/2027
55,Ethan Stewart,ethanstewart@example.com,234-567-8901,5252 Lakeview Dr,Oklahoma City,USA,73101,11/20/2026,5/20/2027
56,Mia Diaz,miadiaz@example.com,567-890-1234,5353 River Rd,Memphis,USA,38101,12/5/2026,6/25/2027
57,Isabella Sullivan,isabellasullivan@example.com,890-123-4567,5454 Hillside Ave,Houston,USA,77001,1/15/2027,7/10/2027
58,Noah Collins,noahcollins@example.com,123-456-7890,5555 Meadow Ln,Atlanta,USA,30301,2/20/2027,8/15/2027
59,Riley Ward,rileyward@example.com,456-789-0123,5656 Valley Rd,Dallas,USA,75201,3/5/2027,9/30/2027
60,Sophia Ortiz,sophiaortiz@example.com,789-012-3456,5757 Forest Ave,New York,USA,10001,4/10/2027,10/15/2027
61,Jacob Murray,jacobmurray@example.com,012-345-6789,5858 Ridge St,Los Angeles,USA,90001,5/20/2027,11/20/2027
62,Amelia Mora,ameliamora@example.com,234-567-8901,5959 Park Ave,Chicago,USA,60601,6/5/2027,12/25/2027
63,Logan Kim,logankim@example.com,567-890-1234,6060 Central St,San Francisco,USA,94101,7/10/2027,1/30/2028
64,Ethan Stewart,ethanstewart@example.com,890-123-4567,6161 Elm St,Miami,USA,33101,8/20/2027,3/5/2028
65,Mia Diaz,miadiaz@example.com,012-345-6789,6262 Maplewood Ave,Seattle,USA,98101,9/5/2027,4/10/2028
66,Isabella Sullivan,isabellasullivan@example.com,234-567-8901,6363 Pinecrest Dr,Philadelphia,USA,19101,10/15/2027,5/20/2028
67,Noah Collins,noahcollins@example.com,567-890-1234,6464 Sunset Blvd,Phoenix,USA,85001,11/20/2027,6/25/2028
68,Riley Ward,rileyward@example.com,890-123-4567,6565 River Rd,Detroit,USA,48201,12/5/2027,7/30/2028
69,Sophia Ortiz,sophiaortiz@example.com,123-456-7890,6666 Lakeview Dr,Denver,USA,80201,1/15/2028,9/5/2028
70,Jacob Murray,jacobmurray@example.com,456-789-0123,6767 Hillside Ave,Minneapolis,USA,55401,2/20/2028,10/10/2028
71,Amelia Mora,ameliamora@example.com,789-012-3456,6868 Meadow Ln,Boston,USA,2101,3/5/2028,11/15/2028
72,Logan Kim,logankim@example.com,012-345-6789,6969 Valley Rd,San Diego,USA,92101,4/10/2028,12/20/2028
73,Ethan Stewart,ethanstewart@example.com,234-567-8901,7070 Forest Ave,Tampa,USA,33601,5/20/2028,1/30/2029
74,Mia Diaz,miadiaz@example.com,567-890-1234,7171 Ridge St,Portland,USA,97201,6/5/2028,3/5/2029
75,Isabella Sullivan,isabellasullivan@example.com,890-123-4567,7272 Park Ave,Orlando,USA,32801,7/10/2028,4/10/2029
76,Noah Collins,noahcollins@example.com,123-456-7890,7373 Pinecrest Ave,Washington,USA,20001,8/20/2028,5/15/2029
77,Riley Ward,rileyward@example.com,456-789-0123,7474 Sunset Blvd,Las Vegas,USA,89101,9/5/2028,6/20/2029
78,Sophia Ortiz,sophiaortiz@example.com,789-012-3456,7575 River Rd,Kansas City,USA,64101,10/15/2028,7/25/2029
79,Jacob Murray,jacobmurray@example.com,012-345-6789,7676 Central St,Charlotte,USA,28201,11/20/2028,8/30/2029
80,Amelia Mora,ameliamora@example.com,234-567-8901,7777 Elm St,Indianapolis,USA,46201,12/5/2028,10/5/2029
81,Logan Kim,logankim@example.com,567-890-1234,7878 Maplewood Ave,Columbus,USA,43201,1/15/2029,11/10/2029
82,Ethan Stewart,ethanstewart@example.com,890-123-4567,7979 Pinecrest Dr,San Antonio,USA,78201,2/20/2029,12/15/2029
83,Mia Diaz,miadiaz@example.com,012-345-6789,8080 Lakeview Dr,Oklahoma City,USA,73101,3/5/2029,1/20/2030
84,Isabella Sullivan,isabellasullivan@example.com,234-567-8901,8181 Forest Ave,Memphis,USA,38101,4/10/2029,3/1/2030
85,Noah Collins,noahcollins@example.com,567-890-1234,8282 Ridge St,Houston,USA,77001,5/20/2029,4/5/2030
86,Riley Ward,rileyward@example.com,890-123-4567,8383 Park Ave,Atlanta,USA,30301,6/5/2029,5/10/2030
87,Sophia Ortiz,sophiaortiz@example.com,123-456-7890,8484 Pinecrest Ave,Dallas,USA,75201,7/10/2029,6/15/2030
88,Jacob Murray,jacobmurray@example.com,456-789-0123,8585 Sunset Blvd,New York,USA,10001,8/20/2029,7/20/2030
89,Amelia Mora,ameliamora@example.com,789-012-3456,8686 River Rd,Los Angeles,USA,90001,9/5/2029,8/25/2030
90,Logan Kim,logankim@example.com,012-345-6789,8787 Valley Rd,Chicago,USA,60601,10/15/2029,9/30/2030
91,Ethan Stewart,ethanstewart@example.com,234-567-8901,8888 Central St,San Francisco,USA,94101,11/20/2029,11/5/2030
92,Mia Diaz,miadiaz@example.com,567-890-1234,8989 Elm St,Miami,USA,33101,12/5/2029,12/10/2030
93,Isabella Sullivan,isabellasullivan@example.com,890-123-4567,9090 Maplewood Ave,Seattle,USA,98101,1/15/2030,1/15/2031
94,Noah Collins,noahcollins@example.com,123-456-7890,9191 Pinecrest Dr,Philadelphia,USA,19101,2/20/2030,2/20/2031
95,Riley Ward,rileyward@example.com,456-789-0123,9292 Sunset Blvd,Phoenix,USA,85001,3/5/2030,3/25/2031
96,Sophia Ortiz,sophiaortiz@example.com,789-012-3456,9393 Lakeview Dr,Detroit,USA,48201,4/10/2030,4/30/2031
97,Jacob Murray,jacobmurray@example.com,012-345-6789,9494 Forest Ave,Denver,USA,80201,5/20/2030,5/15/2031
98,Amelia Mora,ameliamora@example.com,234-567-8901,9595 Ridge St,Minneapolis,USA,55401,6/5/2030,6/20/2031
99,Logan Kim,logankim@example.com,567-890-1234,9696 Meadow Ln,Boston,USA,2101,7/10/2030,7/25/2031
100,Ethan Stewart,ethanstewart@example.com,890-123-4567,9797 Valley Rd,San Diego,USA,92101,8/20/2030,8/30/2031
