ProductID,ProductName,Category,Description,Price,Manufacturer,Supplier,DateAdded
1,Smartphone,Electronics,A high-quality smartphone with advanced features,500,Samsung,Supplier A,2023-01-01
2,Laptop,Electronics,A powerful laptop for both work and entertainment,1000,Dell,Supplier B,2023-01-02
3,Headphones,Electronics,High-fidelity headphones with noise-canceling technology,200,Sony,Supplier C,2023-01-03
4,Smartwatch,Electronics,A sleek smartwatch with fitness tracking capabilities,300,Apple,Supplier D,2023-01-04
5,Tablet,Electronics,A versatile tablet for productivity and entertainment,400,Microsoft,Supplier E,2023-01-05
6,Bluetooth Speaker,Electronics,A portable Bluetooth speaker with great sound quality,100,JBL,Supplier F,2023-01-06
7,TV,Electronics,A large-screen TV with stunning picture quality,1500,LG,Supplier G,2023-01-07
8,Gaming Console,Electronics,A gaming console for immersive gaming experiences,400,Sony,Supplier H,2023-01-08
9,Wireless Router,Electronics,A high-speed wireless router for home or office use,80,TP-Link,Supplier I,2023-01-09
10,External Hard Drive,Electronics,An external hard drive for secure data storage,150,Seagate,Supplier J,2023-01-10
11,Blender,Kitchen Appliances,A powerful blender for smoothies and food processing,50,Ninja,Supplier K,2023-01-11
12,Coffee Maker,Kitchen Appliances,A programmable coffee maker for brewing delicious coffee,100,Keurig,Supplier L,2023-01-12
13,Toaster,Kitchen Appliances,A stylish toaster for perfectly toasted bread and bagels,30,Cuisinart,Supplier M,2023-01-13
14,Food Processor,Kitchen Appliances,A versatile food processor for chopping, slicing, and shredding,80,Hamilton Beach,Supplier N,2023-01-14
15,Rice Cooker,Kitchen Appliances,A rice cooker for perfectly cooked rice every time,40,Zojirushi,Supplier O,2023-01-15
16,Electric Kettle,Kitchen Appliances,An electric kettle for quickly boiling water,20,Ovente,Supplier P,2023-01-16
17,Microwave Oven,Kitchen Appliances,A compact microwave oven for heating and cooking food,70,Panasonic,Supplier Q,2023-01-17
18,Stand Mixer,Kitchen Appliances,A stand mixer for effortless mixing and blending,200,KitchenAid,Supplier R,2023-01-18
19,Slow Cooker,Kitchen Appliances,A slow cooker for convenient one-pot meals,60,Crock-Pot,Supplier S,2023-01-19
20,Waffle Maker,Kitchen Appliances,A waffle maker for making delicious homemade waffles,30,Belgian,Supplier T,2023-01-20
21,Electric Toothbrush,Personal Care,An electric toothbrush for superior dental hygiene,50,Oral-B,Supplier U,2023-01-21
22,Hair Dryer,Personal Care,A high-powered hair dryer for quick and efficient drying,40,Conair,Supplier V,2023-01-22
23,Shaver,Personal Care,A rechargeable shaver for a smooth and comfortable shave,60,Philips,Supplier W,2023-01-23
24,Hair Straightener,Personal Care,A ceramic hair straightener for sleek and shiny hair,70,Remington,Supplier X,2023-01-24
25,Electric Razor,Personal Care,An electric razor for a close and comfortable shave,50,Braun,Supplier Y,2023-01-25
26,Electric Toothbrush,Personal Care,An electric toothbrush for superior dental hygiene,50,Sonicare,Supplier Z,2023-01-26
27,Sunscreen,Personal Care,A broad-spectrum sunscreen for protection against UV rays,20,Neutrogena,Supplier AA,2023-01-27
28,Moisturizer,Personal Care,A hydrating moisturizer for soft and smooth skin,30,Cetaphil,Supplier BB,2023-01-28
29,Shampoo,Personal Care,A nourishing shampoo for healthy and shiny hair,15,Pantene,Supplier CC,2023-01-29
30,Conditioner,Personal Care,A moisturizing conditioner for silky-smooth hair,15,TRESemmé,Supplier DD,2023-01-30
31,Body Wash,Personal Care,A refreshing body wash for clean and hydrated skin,10,Dove,Supplier EE,2023-01-31
32,Deodorant,Personal Care,An effective deodorant for long-lasting odor protection,5,Secret,Supplier FF,2023-02-01
33,Perfume,Personal Care,A fragrant perfume for a lasting scent,50,Calvin Klein,Supplier GG,2023-02-02
34,Cologne,Personal Care,A masculine cologne with a bold and distinctive fragrance,40,Dolce & Gabbana,Supplier HH,2023-02-03
35,Face Wash,Personal Care,A gentle face wash for clean and refreshed skin,10,CeraVe,Supplier II,2023-02-04
36,Sneakers,Footwear,A pair of comfortable sneakers for everyday wear,80,Nike,Supplier JJ,2023-02-05
37,Boots,Footwear,A stylish pair of boots for a fashionable look,120,Dr. Martens,Supplier KK,2023-02-06
38,Flats,Footwear,A versatile pair of flats for both casual and formal occasions,60,Steve Madden,Supplier LL,2023-02-07
39,Sandals,Footwear,A comfortable pair of sandals for warm-weather days,40,Teva,Supplier MM,2023-02-08
40,Heels,Footwear,A pair of elegant heels for a sophisticated look,100,Jimmy Choo,Supplier NN,2023-02-09
41,Dress,Clothing,A chic dress for any special occasion,80,Zara,Supplier OO,2023-02-10
42,T-Shirt,Clothing,A classic t-shirt for everyday wear,20,H&M,Supplier PP,2023-02-11
43,Jeans,Clothing,A pair of trendy jeans for a casual yet stylish look,60,Levi's,Supplier QQ,2023-02-12
44,Skirt,Clothing,A fashionable skirt for a feminine touch,40,Forever 21,Supplier RR,2023-02-13
45,Sweater,Clothing,A cozy sweater for warmth and comfort,50,Gap,Supplier SS,2023-02-14
46,Jacket,Clothing,A stylish jacket for layering in any season,100,North Face,Supplier TT,2023-02-15
47,Hoodie,Clothing,A comfortable hoodie for a relaxed vibe,30,Adidas,Supplier UU,2023-02-16
48,Blouse,Clothing,A versatile blouse for a polished look,40,Ann Taylor,Supplier VV,2023-02-17
49,Coat,Clothing,A warm coat for cold weather protection,150,Burberry,Supplier WW,2023-02-18
50,Suit,Clothing,A tailored suit for a sharp and professional appearance,200,Hugo Boss,Supplier XX,2023-02-19
51,Backpack,Accessories,A durable backpack for carrying essentials,50,JanSport,Supplier YY,2023-02-20
52,Wallet,Accessories,A sleek wallet for organizing cards and cash,30,Coach,Supplier ZZ,2023-02-21
53,Sunglasses,Accessories,A stylish pair of sunglasses for sun protection,80,Ray-Ban,Supplier AAA,2023-02-22
54,Watch,Accessories,A classic watch for timeless style,100,Casio,Supplier BBB,2023-02-23
55,Scarf,Accessories,A cozy scarf for warmth and style,20,Burberry,Supplier CCC,2023-02-24
56,Belt,Accessories,A versatile belt for a polished look,40,Gucci,Supplier DDD,2023-02-25
57,Hat,Accessories,A stylish hat for sun protection and added flair,30,Kangol,Supplier EEE,2023-02-26
58,Gloves,Accessories,A pair of gloves for warmth and functionality,20,The North Face,Supplier FFF,2023-02-27
59,Umbrella,Accessories,A durable umbrella for protection from rain or sun,20,Totes,Supplier GGG,2023-02-28
60,Necklace,Jewelry,A delicate necklace for subtle elegance,50,Tiffany & Co.,Supplier HHH,2023-03-01
61,Earrings,Jewelry,A pair of stunning earrings for added glamour,40,Pandora,Supplier III,2023-03-02
62,Bracelet,Jewelry,A stylish bracelet for a touch of sophistication,60,David Yurman,Supplier JJJ,2023-03-03
63,Ring,Jewelry,A beautiful ring for a timeless statement,80,Kay Jewelers,Supplier KKK,2023-03-04
64,Anklet,Jewelry,A dainty anklet for a subtle accessory,30,James Avery,Supplier LLL,2023-03-05
65,Brooch,Jewelry,A vintage-inspired brooch for a unique touch,50,Chanel,Supplier MMM,2023-03-06
66,Watch,Jewelry,A luxurious watch for refined style,200,Rolex,Supplier NNN,2023-03-07
67,Cufflinks,Jewelry,A pair of classic cufflinks for formal occasions,80,Bvlgari,Supplier OOO,2023-03-08
68,Pendant,Jewelry,A charming pendant for a personalized touch,40,Swiss Diamond,Supplier PPP,2023-03-09
69,Keychain,Jewelry,A novelty keychain for a fun accessory,10,Louis Vuitton,Supplier QQQ,2023-03-10
70,Throw Blanket,Home & Decor,A cozy throw blanket for warmth and comfort,30,Threshold,Supplier RRR,2023-03-11
71,Pillow,Home & Decor,A soft pillow for a restful night's sleep,20,Tempur-Pedic,Supplier SSS,2023-03-12
72,Candle,Home & Decor,A scented candle for ambiance and relaxation,15,Bath & Body Works,Supplier TTT,2023-03-13
73,Picture Frame,Home & Decor,A decorative picture frame for displaying cherished memories,10,Michael's,Supplier UUU,2023-03-14
74,Vase,Home & Decor,A stylish vase for showcasing fresh flowers,25,Crate & Barrel,Supplier VVV,2023-03-15
75,Wall Art,Home & Decor,A piece of wall art for adding personality to any room,50,Wayfair,Supplier WWW,2023-03-16
76,Throw Pillow,Home & Decor,A decorative throw pillow for a pop of color,15,West Elm,Supplier XXX,2023-03-17
77,Plant,Home & Decor,A low-maintenance plant for adding greenery to any space,20,Home Depot,Supplier YYY,2023-03-18
78,Desk Lamp,Home & Decor,A functional desk lamp for task lighting,30,Ikea,Supplier ZZZ,2023-03-19
79,Wall Clock,Home & Decor,A classic wall clock for keeping time in style,40,Target,Supplier AAAA,2023-03-20
80,Bookshelf,Home & Decor,A sturdy bookshelf for organizing books and decor,100,Pottery Barn,Supplier BBBB,2023-03-21
81,Office Chair,Furniture,A comfortable office chair for long hours of sitting,150,Herman Miller,Supplier CCCC,2023-03-22
82,Sofa,Furniture,A plush sofa for lounging and entertaining,500,Ashley Furniture,Supplier DDDD,2023-03-23
83,Coffee Table,Furniture,A stylish coffee table for holding drinks and decor,200,Wayfair,Supplier EEEE,2023-03-24
84,Dining Table,Furniture,A spacious dining table for family meals and gatherings,300,Rooms To Go,Supplier FFFF,2023-03-25
85,Bar Stool,Furniture,A set of bar stools for seating at a kitchen island or bar,80,Overstock,Supplier GGGG,2023-03-26
86,TV Stand,Furniture,A modern TV stand for holding a television and media components,100,HomeGoods,Supplier HHHH,2023-03-27
87,Bookcase,Furniture,A tall bookcase for storing books, decor, and more,150,Crate & Barrel,Supplier IIII,2023-03-28
88,Bed,Furniture,A comfortable bed for a restful night's sleep,600,Pottery Barn,Supplier JJJJ,2023-03-29
89,Nightstand,Furniture,A bedside nightstand for holding essentials,50,Wayfair,Supplier KKKK,2023-03-30
90,Dresser,Furniture,A spacious dresser for storing clothes and accessories,250,West Elm,Supplier LLLL,2023-03-31
91,Desk,Furniture,A functional desk for working or studying,150,Ikea,Supplier MMMM,2023-04-01
92,Office Desk Accessories,Furniture,Various desk accessories for organization and productivity,50,Staples,Supplier NNNN,2023-04-02
93,File Cabinet,Furniture,A file cabinet for organizing documents and paperwork,100,Office Depot,Supplier OOOO,2023-04-03
94,Bean Bag Chair,Furniture,A cozy bean bag chair for lounging and relaxing,50,Lovesac,Supplier PPPP,2023-04-04
95,Futon,Furniture,A versatile futon for seating and sleeping,200,Amazon,Supplier QQQQ,2023-04-05
96,Chaise Lounge,Furniture,A stylish chaise lounge for lounging in comfort and style,300,Wayfair,Supplier RRRR,2023-04-06
97,Console Table,Furniture,A sleek console table for displaying decor or holding essentials,80,HomeGoods,Supplier SSSS,2023-04-07
98,Accent Chair,Furniture,An eye-catching accent chair for adding personality to any room,150,World Market,Supplier TTTT,2023-04-08
99,Ottoman,Furniture,A versatile ottoman for extra seating or as a footrest,70,Pottery Barn,Supplier UUUU,2023-04-09
100,Bar Cart,Furniture,A stylish bar cart for serving drinks and entertaining,120,West Elm,Supplier VVVV,2023-04-10