Product ID,Product Name,Category,Sales Volume,Revenue
1,Laptop,Electronics,150,75000
2,Smartphone,Electronics,200,80000
3,Tablet,Electronics,100,30000
4,Headphones,Electronics,300,15000
5,Smart TV,Electronics,120,48000
6,Refrigerator,Appliances,80,40000
7,Washing Machine,Appliances,90,45000
8,Microwave Oven,Appliances,70,35000
9,Vacuum Cleaner,Appliances,110,22000
10,Toaster,Appliances,60,12000
11,Blender,Appliances,50,10000
12,Coffee Maker,Appliances,40,8000
13,Furniture Set,Furniture,180,90000
14,Sofa,Furniture,250,125000
15,Dining Table,Furniture,120,60000
16,Office Chair,Furniture,150,45000
17,Bed,Furniture,200,100000
18,Bookshelf,Furniture,100,20000
19,Desk Lamp,Home Decor,300,30000
20,Wall Clock,Home Decor,250,25000
21,Painting,Home Decor,200,40000
22,Vase,Home Decor,150,22500
23,Throw Pillows,Home Decor,180,36000
24,Curtains,Home Decor,90,18000
25,Outdoor Grill,Outdoor,120,72000
26,Patio Furniture Set,Outdoor,100,50000
27,Garden Umbrella,Outdoor,80,40000
28,Outdoor Lighting,Outdoor,150,30000
29,Pool Floats,Outdoor,200,40000
30,Barbecue Tool Set,Outdoor,60,18000
31,Tennis Racket,Sports & Fitness,180,54000
32,Yoga Mat,Sports & Fitness,200,40000
33,Dumbbells,Sports & Fitness,120,30000
34,Jump Rope,Sports & Fitness,150,22500
35,Exercise Ball,Sports & Fitness,100,10000
36,Resistance Bands,Sports & Fitness,90,18000
37,Running Shoes,Apparel & Footwear,250,75000
38,Training Pants,Apparel & Footwear,200,40000
39,Sports Bra,Apparel & Footwear,150,30000
40,Compression Socks,Apparel & Footwear,180,36000
41,Hiking Boots,Apparel & Footwear,120,36000
42,Yoga Leggings,Apparel & Footwear,100,20000
43,Backpacks,Bags & Luggage,300,120000
44,Travel Duffel Bags,Bags & Luggage,200,80000
45,Laptop Backpacks,Bags & Luggage,180,54000
46,Carry-On Luggage,Bags & Luggage,150,45000
47,Messenger Bags,Bags & Luggage,120,36000
48,Hiking Backpacks,Bags & Luggage,100,30000
49,Water Bottles,Outdoor Gear,250,50000
50,Camping Tents,Outdoor Gear,200,80000
51,Sleeping Bags,Outdoor Gear,180,54000
52,Portable Stoves,Outdoor Gear,150,22500
53,Camping Chairs,Outdoor Gear,100,30000
54,Hiking Poles,Outdoor Gear,90,18000
55,Board Games,Toys & Games,300,60000
56,Puzzles,Toys & Games,250,50000
57,LEGO Sets,Toys & Games,200,60000
58,Action Figures,Toys & Games,150,30000
59,Dolls,Toys & Games,180,36000
60,Toy Cars,Toys & Games,120,24000
61,Classic Books,Books & Media,200,40000
62,Non-Fiction Books,Books & Media,180,54000
63,Children's Books,Books & Media,150,30000
64,Science Fiction Books,Books & Media,120,36000
65,Cookbooks,Books & Media,100,20000
66,Travel Guides,Books & Media,90,18000
67,Wireless Earbuds,Audio & Music,250,75000
68,Bluetooth Speakers,Audio & Music,200,80000
69,Record Players,Audio & Music,180,54000
70,Over-Ear Headphones,Audio & Music,150,45000
71,Home Theater Systems,Audio & Music,120,36000
72,Soundbars,Audio & Music,100,20000
73,HD Televisions,Televisions & Accessories,300,150000
74,4K Ultra HD TVs,Televisions & Accessories,250,250000
75,Smart TVs,Televisions & Accessories,200,200000
76,OLED TVs,Televisions & Accessories,180,54000
77,LED TVs,Televisions & Accessories,150,45000
78,Curved TVs,Televisions & Accessories,120,60000
79,Power Banks,Cell Phones & Accessories,250,75000
80,Phone Cases,Cell Phones & Accessories,200,60000
81,Charging Cables,Cell Phones & Accessories,180,54000
82,Screen Protectors,Cell Phones & Accessories,150,45000
83,Wireless Chargers,Cell Phones & Accessories,120,36000
84,Car Mounts,Cell Phones & Accessories,100,30000
85,Gaming Consoles,Video Games & Consoles,300,150000
86,Video Games,Video Games & Consoles,250,125000
87,Gaming Accessories,Video Games & Consoles,200,60000
88,VR Headsets,Video Games & Consoles,180,54000
89,Controller Chargers,Video Games & Consoles,150,45000
90,Headsets,Video Games & Consoles,120,36000
91,Wireless Keyboards,Computer Accessories,250,50000
92,Computer Mice,Computer Accessories,200,40000
93,USB Flash Drives,Computer Accessories,180,54000
94,External Hard Drives,Computer Accessories,150,45000
95,Laptop Cooling Pads,Computer Accessories,120,36000
96,Monitor Stands,Computer Accessories,100,30000
97,Home Security Cameras,Smart Home Devices,300,120000
98,Smart Thermostats,Smart Home Devices,250,125000
99,Smart Bulbs,Smart Home Devices,200,80000
100,Smart Plugs,Smart Home Devices,180,54000
